{"mouseMoveSpeed":147.0,"mainVolume":0.5600000023841858,"effectVolume":0.8500000238418579,"backgroundVolume":0.20999999344348908}