{"mouseMoveSpeed":156.0,"mainVolume":0.5600000023841858,"effectVolume":0.949999988079071,"backgroundVolume":0.11999999731779099}