{"mouseMoveSpeed":250.0,"mainVolume":0.4300000071525574,"effectVolume":0.3199999928474426,"backgroundVolume":0.2199999988079071}