{"mouseMoveSpeed":300.0,"mainVolume":0.5600000023841858,"effectVolume":0.6899999976158142,"backgroundVolume":0.11999999731779099}