{"mouseMoveSpeed":90.0,"mainVolume":0.699999988079071,"effectVolume":0.47999998927116396,"backgroundVolume":0.0}