{"mouseMoveSpeed":240.0,"mainVolume":0.5099999904632568,"effectVolume":0.36000001430511477,"backgroundVolume":0.5}