{"mouseMoveSpeed":285.0,"mainVolume":0.5099999904632568,"effectVolume":0.3499999940395355,"backgroundVolume":0.5}