{"mouseMoveSpeed":111.0,"mainVolume":0.699999988079071,"effectVolume":0.20999999344348908,"backgroundVolume":0.18000000715255738}