{"mouseMoveSpeed":240.0,"mainVolume":0.5099999904632568,"effectVolume":0.3100000023841858,"backgroundVolume":0.5}