{"mouseMoveSpeed":255.0,"mainVolume":0.550000011920929,"effectVolume":0.6499999761581421,"backgroundVolume":0.10000000149011612}