{"mouseMoveSpeed":250.0,"mainVolume":1.0,"effectVolume":0.6499999761581421,"backgroundVolume":0.07999999821186066}