{"mouseMoveSpeed":147.0,"mainVolume":0.5600000023841858,"effectVolume":0.7099999785423279,"backgroundVolume":0.10000000149011612}