{"mouseMoveSpeed":168.0,"mainVolume":0.699999988079071,"effectVolume":0.30000001192092898,"backgroundVolume":0.18000000715255738}