{"mouseMoveSpeed":111.0,"mainVolume":0.699999988079071,"effectVolume":0.4099999964237213,"backgroundVolume":0.10000000149011612}