{"mouseMoveSpeed":250.0,"mainVolume":0.5,"effectVolume":0.38999998569488528,"backgroundVolume":0.25999999046325686}