{"mouseMoveSpeed":250.0,"mainVolume":1.0,"effectVolume":0.6499999761581421,"backgroundVolume":0.10000000149011612}