{"mouseMoveSpeed":111.0,"mainVolume":0.5600000023841858,"effectVolume":0.4099999964237213,"backgroundVolume":0.10000000149011612}