{"mouseMoveSpeed":150.0,"mainVolume":0.8299999833106995,"effectVolume":1.0,"backgroundVolume":0.07999999821186066}